{
  "n_trials": 10,
  "seeds": [
    42,
    142,
    242,
    342,
    442,
    542,
    642,
    742,
    842,
    942
  ],
  "baseline_a": {
    "mean": 0.089,
    "std": 0.016852299546352718,
    "min": 0.065,
    "max": 0.12,
    "per_trial": [
      0.065,
      0.12,
      0.075,
      0.1,
      0.075,
      0.08,
      0.095,
      0.11,
      0.075,
      0.095
    ]
  },
  "baseline_b": {
    "mean": 0.6329999999999999,
    "std": 0.0960780932366999,
    "min": 0.46,
    "max": 0.79,
    "per_trial": [
      0.62,
      0.745,
      0.53,
      0.665,
      0.46,
      0.7,
      0.555,
      0.79,
      0.595,
      0.67
    ]
  },
  "system_c": {
    "mean": 0.7175,
    "std": 0.06554578552431879,
    "min": 0.62,
    "max": 0.82,
    "per_trial": [
      0.62,
      0.66,
      0.705,
      0.665,
      0.725,
      0.79,
      0.82,
      0.78,
      0.645,
      0.765
    ]
  },
  "advantage_c_vs_b": {
    "mean": 0.08449999999999999,
    "std": 0.11252666350692175,
    "min": -0.08499999999999996,
    "max": 0.26499999999999996,
    "positive_count": 6,
    "per_trial": [
      0.0,
      -0.08499999999999996,
      0.17499999999999993,
      0.0,
      0.26499999999999996,
      0.09000000000000008,
      0.2649999999999999,
      -0.010000000000000009,
      0.050000000000000044,
      0.09499999999999997
    ]
  },
  "advantage_c_vs_a": {
    "mean": 0.6285000000000001,
    "std": 0.06368084484364196,
    "min": 0.54,
    "max": 0.725,
    "positive_count": 10,
    "per_trial": [
      0.5549999999999999,
      0.54,
      0.63,
      0.5650000000000001,
      0.65,
      0.7100000000000001,
      0.725,
      0.67,
      0.5700000000000001,
      0.67
    ]
  },
  "c_beats_b_count": 6,
  "c_beats_a_count": 10
}